TRAIN_CD,TRAIN_PRTY,DEST_DEV
0,H,5.067333333333301
1,H,1.3606666666666385
2,H,3.1796666666666313
3,H,5.016333333333302
4,H,8.639666666666608
5,H,1.3596666666666444
6,H,4.89966666666661
7,H,5.032999999999976
8,H,3.2296666666666187
