TRAIN_CD,TRAIN_PRTY,DEST_DEV
0,H,6.265333333333294
1,H,1.3606666666666385
2,H,3.1796666666666313
3,H,5.887333333333293
4,H,8.827666666666625
5,H,1.3596666666666444
6,H,4.89966666666661
7,H,7.971999999999964
8,H,3.2296666666666187
